-- Dummy data for GOMS system (Malaysian style)
-- Suitable for import into phpMyAdmin

-- USERS
INSERT INTO `users` (`userID`, `userName`, `userRole`, `userEmail`, `userPassword`) VALUES
(1, 'gomsManager', 'Manager', 'anyemail@gmail.com', 'goms123'),
(2, 'fareezM', 'Manager', 'fareez@gmail.com', 'fareez'),
(3, 'Sheikh', 'Staff', 'sheikh@gmail.com', 'sheikh'),
(4, 'Aisyah', 'Staff', 'aisyah.rosli@gmail.com', 'aisyah123'),
(5, 'Zulkifli', 'Manager', 'zul.kifli@gmail.com', 'zulpass'),
(6, 'Siti Rahmah', 'Staff', 'siti.rahmah@gmail.com', 'siti2024'),
(7, 'Ahmad Faiz', 'Staff', 'ahmad.faiz@gmail.com', 'faizpass'),
(8, 'Nurul Izzah', 'Manager', 'nurul.izzah@gmail.com', 'izzahpass'),
(9, 'Lim Wei Ming', 'Staff', 'lim.weiming@gmail.com', 'limpass'),
(10, 'Tan Mei Ling', 'Staff', 'tan.meiling@gmail.com', 'meilingpass'),
(11, 'Roslan', 'Manager', 'roslan@gmail.com', 'roslanpass'),
(12, 'Hafiz', 'Staff', 'hafiz@gmail.com', 'hafizpass'),
(13, 'Syafiq', 'Staff', 'syafiq@gmail.com', 'syafiqpass'),
(14, 'Farah', 'Manager', 'farah@gmail.com', 'farahpass'),
(15, 'Azman', 'Staff', 'azman@gmail.com', 'azmanpass'),
(16, 'Nadia', 'Staff', 'nadia@gmail.com', 'nadiapass'),
(17, 'Rashid', 'Manager', 'rashid@gmail.com', 'rashidpass'),
(18, 'Aminah', 'Staff', 'aminah@gmail.com', 'aminahpass'),
(19, 'Kumar', 'Staff', 'kumar@gmail.com', 'kumarpass'),
(20, 'Chong Wei', 'Manager', 'chong.wei@gmail.com', 'chongpass');

-- SUPPLIER
INSERT INTO `supplier` (`supplierID`, `supplierName`, `supplierContactNumber`, `supplierEmail`, `supplierAddress`, `supplierPICName`, `supplierPICNumber`) VALUES
(1, 'FitPro Supplies', '012-3456789', 'contact@fitpro.com', '123 Fitness St, Kuala Lumpur, Malaysia', 'John Tan', '012-9876543'),
(2, 'Healthy Essentials', '013-4567890', 'sales@healthyessentials.my', '456 Wellness Ave, Selangor, Malaysia', 'Lisa Wong', '013-8765432'),
(3, 'NutriPlus Distributors', '014-5678901', 'info@nutriplus.com.my', '789 Nutrition Blvd, Penang, Malaysia', 'Ahmad Faiz', '014-7654321'),
(4, 'GymGear Supplies', '015-6789012', 'support@gymgear.my', '321 Power Rd, Johor Bahru, Malaysia', 'Siti Rahmah', '015-6543210'),
(5, 'Elite Sports Equip', '016-7890123', 'contact@elitesports.com', '654 Champion Ln, Melaka, Malaysia', 'Michael Lee', '016-5432109'),
(6, 'Spartan Gym and Fitness', '017-8055323', 'contact@spartangym.com', 'Damansara Damai, 47810 Petaling Jaya, Selangor', 'Sufhian', '017-8055323'),
(7, 'Hammer Pro', '019-8961029', 'sales@hammerpro.com', 'No. 8, Jalan Teknologi, Cyberjaya, Selangor', 'Abu', '012-2341231'),
(8, 'MuscleMax', '018-1234567', 'info@musclemax.my', '22 Jalan Ampang, Kuala Lumpur', 'Ravi', '018-7654321'),
(9, 'PowerHouse', '019-2233445', 'sales@powerhouse.my', '55 Jalan Sultan, Shah Alam', 'Lim', '019-3344556'),
(10, 'ActiveLife', '011-9988776', 'contact@activelife.my', '88 Jalan Merdeka, Seremban', 'Aida', '011-9988776'),
(11, 'ProSupps', '012-1122334', 'info@prosupps.my', '12 Jalan Bukit, Ipoh', 'Farid', '012-1122334'),
(12, 'GymXpert', '013-2233445', 'support@gymxpert.my', '33 Jalan Putra, Alor Setar', 'Siti', '013-2233445'),
(13, 'FitNation', '014-3344556', 'contact@fitnation.my', '44 Jalan Raja, Kota Bharu', 'Azlan', '014-3344556'),
(14, 'BodyFuel', '015-4455667', 'info@bodyfuel.my', '77 Jalan Dato, Kuantan', 'Hafiz', '015-4455667'),
(15, 'IronWorks', '016-5566778', 'sales@ironworks.my', '99 Jalan Besar, Kuala Terengganu', 'Rosli', '016-5566778'),
(16, 'FlexiFit', '017-6677889', 'info@flexifit.my', '101 Jalan Maju, Johor Bahru', 'Nadia', '017-6677889'),
(17, 'PrimeFit', '018-7788990', 'contact@primefit.my', '202 Jalan Tun Razak, Kuala Lumpur', 'Syed', '018-7788990'),
(18, 'MegaSupps', '019-8899001', 'info@megasupps.my', '303 Jalan Gombak, Kuala Lumpur', 'Kenny', '019-8899001'),
(19, 'GymMart', '011-9900112', 'sales@gymmart.my', '404 Jalan Kuching, Kuala Lumpur', 'Suresh', '011-9900112'),
(20, 'MuscleZone', '012-1011121', 'info@musclezone.my', '505 Jalan Imbi, Kuala Lumpur', 'Zainal', '012-1011121');

-- INVENTORYITEM
INSERT INTO `inventoryitem` (`itemCode`, `itemName`, `itemQuantity`, `itemPrice`, `itemCategory`, `itemSupplierID`) VALUES
(7001, 'Gym Membership - Basic', 36, 150.00, 'membership', 6),
(7002, 'Gym T-Shirt', 200, 15.00, 'merchandise', 4),
(7003, 'Protein Powder', 75, 80.00, 'supplements', 5),
(7004, 'Energy Bar Pack', 143, 10.00, 'supplements', 5),
(7005, 'Water Bottle', 167, 12.00, 'merchandise', 4),
(7006, 'Resistance Bands', 90, 20.00, 'equipment', 2),
(7007, 'Treadmill', 5, 2000.00, 'equipment', 7),
(7008, 'Yoga Mat', 120, 25.00, 'equipment', 8),
(7009, 'Dumbbell Set', 50, 120.00, 'equipment', 9),
(7010, 'Jump Rope', 80, 8.00, 'equipment', 10),
(7011, 'Shaker Bottle', 180, 10.00, 'merchandise', 11),
(7012, 'Pre-Workout Drink', 60, 60.00, 'supplements', 12),
(7013, 'Massage Ball', 70, 18.00, 'equipment', 13),
(7014, 'Pull Up Bar', 30, 90.00, 'equipment', 14),
(7015, 'Kettlebell', 40, 75.00, 'equipment', 15),
(7016, 'Cycling Gloves', 100, 22.00, 'merchandise', 16),
(7017, 'Sports Socks', 250, 7.00, 'merchandise', 17),
(7018, 'Whey Protein', 65, 95.00, 'supplements', 18),
(7019, 'Creatine', 55, 70.00, 'supplements', 19),
(7020, 'Foam Roller', 45, 35.00, 'equipment', 20);

-- MAINTENANCESCHEDULE
INSERT INTO `maintenanceschedule` (`scheduleID`, `scheduleName`, `createdBy`, `createdAt`, `scheduleDesc`) VALUES
('MTB001', 'Electrical Items', 2, '2025-07-19', 'Maintenance for Electrical Items'),
('MTB002', 'Free weight machines', 2, '2025-07-19', 'Maintenance schedule for free weights item. eg: dumbbells and plates'),
('MTB003', 'Cardio Equipment', 3, '2025-07-20', 'Cardio equipment maintenance'),
('MTB004', 'Locker Room', 4, '2025-07-21', 'Locker room maintenance'),
('MTB005', 'Showers', 5, '2025-07-22', 'Shower area maintenance'),
('MTB006', 'Reception Area', 6, '2025-07-23', 'Reception area maintenance'),
('MTB007', 'Studio Room', 7, '2025-07-24', 'Studio room maintenance'),
('MTB008', 'Sauna', 8, '2025-07-25', 'Sauna maintenance'),
('MTB009', 'Swimming Pool', 9, '2025-07-26', 'Swimming pool maintenance'),
('MTB010', 'Parking Area', 10, '2025-07-27', 'Parking area maintenance'),
('MTB011', 'Cafeteria', 11, '2025-07-28', 'Cafeteria maintenance'),
('MTB012', 'Office', 12, '2025-07-29', 'Office maintenance'),
('MTB013', 'Outdoor Gym', 13, '2025-07-30', 'Outdoor gym maintenance'),
('MTB014', 'Kids Zone', 14, '2025-07-31', 'Kids zone maintenance'),
('MTB015', 'Yoga Studio', 15, '2025-08-01', 'Yoga studio maintenance'),
('MTB016', 'Spin Room', 16, '2025-08-02', 'Spin room maintenance'),
('MTB017', 'Personal Training Room', 17, '2025-08-03', 'Personal training room maintenance'),
('MTB018', 'Equipment Storage', 18, '2025-08-04', 'Equipment storage maintenance'),
('MTB019', 'Main Hall', 19, '2025-08-05', 'Main hall maintenance'),
('MTB020', 'Rooftop Gym', 20, '2025-08-06', 'Rooftop gym maintenance');

-- MAINTENANCEITEM
INSERT INTO `maintenanceitem` (`maintainedItemID`, `scheduleID`, `itemCode`, `daysOfWeek`) VALUES
('MID001', 'MTB001', 7006, 'M-W-F-U'),
('MID002', 'MTB001', 7001, 'MT-HF--'),
('MID003', 'MTB002', 7005, 'M-W-F-U'),
('MID004', 'MTB002', 7004, 'MTWHFSU'),
('MID005', 'MTB003', 7007, 'M--H--U'),
('MID006', 'MTB004', 7007, 'MTW----'),
('MID007', 'MTB005', 7007, 'MTWHFSU'),
('MID008', 'MTB006', 7008, 'M-W-F-U'),
('MID009', 'MTB007', 7009, 'MTWHFSU'),
('MID010', 'MTB008', 7010, 'M--H--U'),
('MID011', 'MTB009', 7011, 'MTW----'),
('MID012', 'MTB010', 7012, 'MTWHFSU'),
('MID013', 'MTB011', 7013, 'M-W-F-U'),
('MID014', 'MTB012', 7014, 'MTWHFSU'),
('MID015', 'MTB013', 7015, 'M--H--U'),
('MID016', 'MTB014', 7016, 'MTW----'),
('MID017', 'MTB015', 7017, 'MTWHFSU'),
('MID018', 'MTB016', 7018, 'M-W-F-U'),
('MID019', 'MTB017', 7019, 'MTWHFSU'),
('MID020', 'MTB018', 7020, 'M--H--U');

-- MAINTENANCERECORD
INSERT INTO `maintenancerecord` (`recordID`, `maintainedItemID`, `userID`, `maintenanceDate`, `itemCondition`, `remarks`, `attachmentPath`) VALUES
('R001', 'MID001', 2, '2025-07-14', 'Needs Repair', 'Tali resistance band putus', NULL),
('R002', 'MID002', 3, '2025-07-15', 'OK', 'Tiada masalah', NULL),
('R003', 'MID003', 4, '2025-07-16', 'OK', 'Botol air cukup stok', NULL),
('R004', 'MID004', 5, '2025-07-17', 'OK', 'Bar tenaga cukup', NULL),
('R005', 'MID005', 6, '2025-07-18', 'Needs Repair', 'Treadmill rosak', NULL),
('R006', 'MID006', 7, '2025-07-19', 'OK', 'Treadmill sudah dibaiki', NULL),
('R007', 'MID007', 8, '2025-07-20', 'OK', 'Treadmill berfungsi', NULL),
('R008', 'MID008', 9, '2025-07-21', 'OK', 'Yoga mat bersih', NULL),
('R009', 'MID009', 10, '2025-07-22', 'OK', 'Dumbbell set lengkap', NULL),
('R010', 'MID010', 11, '2025-07-23', 'OK', 'Jump rope cukup', NULL),
('R011', 'MID011', 12, '2025-07-24', 'OK', 'Shaker bottle cukup', NULL),
('R012', 'MID012', 13, '2025-07-25', 'OK', 'Pre-workout drink cukup', NULL),
('R013', 'MID013', 14, 'OK', 'Massage ball tiada masalah', NULL),
('R014', 'MID014', 15, 'OK', 'Pull up bar stabil', NULL),
('R015', 'MID015', 16, 'OK', 'Kettlebell cukup', NULL),
('R016', 'MID016', 17, 'OK', 'Glove dalam keadaan baik', NULL),
('R017', 'MID017', 18, 'OK', 'Stokin sukan cukup', NULL),
('R018', 'MID018', 19, 'OK', 'Whey protein cukup', NULL),
('R019', 'MID019', 20, 'OK', 'Creatine cukup', NULL),
('R020', 'MID020', 1, 'OK', 'Foam roller tiada masalah', NULL);

-- INVOICE
INSERT INTO `invoice` (`invoiceCode`, `invoiceDate`, `totalAmount`, `itemCode`, `supplierID`) VALUES
(1001, '2025-07-01 10:00:00', 150.00, 7001, 6),
(1002, '2025-07-02 11:00:00', 30.00, 7002, 4),
(1003, '2025-07-03 12:00:00', 160.00, 7003, 5),
(1004, '2025-07-04 13:00:00', 40.00, 7004, 5),
(1005, '2025-07-05 14:00:00', 24.00, 7005, 4),
(1006, '2025-07-06 15:00:00', 1800.00, 7007, 7),
(1007, '2025-07-07 16:00:00', 3000.00, 7009, 9),
(1008, '2025-07-08 17:00:00', 640.00, 7012, 12),
(1009, '2025-07-09 18:00:00', 360.00, 7013, 13),
(1010, '2025-07-10 19:00:00', 180.00, 7014, 14),
(1011, '2025-07-11 20:00:00', 300.00, 7015, 15),
(1012, '2025-07-12 21:00:00', 220.00, 7016, 16),
(1013, '2025-07-13 22:00:00', 1750.00, 7007, 7),
(1014, '2025-07-14 23:00:00', 95.00, 7018, 18),
(1015, '2025-07-15 09:00:00', 70.00, 7019, 19),
(1016, '2025-07-16 08:00:00', 35.00, 7020, 20),
(1017, '2025-07-17 07:00:00', 25.00, 7008, 8),
(1018, '2025-07-18 06:00:00', 120.00, 7009, 9),
(1019, '2025-07-19 05:00:00', 8.00, 7010, 10),
(1020, '2025-07-20 04:00:00', 10.00, 7011, 11);

-- LOGPAYMENT
INSERT INTO `logpayment` (`paymentID`, `userID`, `createdAt`, `paymentAmount`, `paymentMethod`, `transactionType`, `discount`) VALUES
(9001, 1, '2025-07-01 10:00:00', 126.72, 'E-Wallet', 'merchandise', 12),
(9002, 2, '2025-07-02 11:00:00', 46.80, 'Bank Transfer', 'merchandise, supplements', 10),
(9003, 3, '2025-07-03 12:00:00', 1800.00, 'Cash', 'membership', 0),
(9004, 4, '2025-07-04 13:00:00', 240.00, 'E-Wallet', 'membership', 20),
(9005, 5, '2025-07-05 14:00:00', 30.00, 'Credit/Debit Card', 'supplements', 0),
(9006, 6, '2025-07-06 15:00:00', 150.00, 'Cash', 'membership', 5),
(9007, 7, '2025-07-07 16:00:00', 80.00, 'E-Wallet', 'supplements', 8),
(9008, 8, '2025-07-08 17:00:00', 15.00, 'Credit/Debit Card', 'merchandise', 0),
(9009, 9, '2025-07-09 18:00:00', 10.00, 'Cash', 'merchandise', 0),
(9010, 10, '2025-07-10 19:00:00', 2000.00, 'Bank Transfer', 'equipment', 10),
(9011, 11, '2025-07-11 20:00:00', 25.00, 'E-Wallet', 'equipment', 0),
(9012, 12, '2025-07-12 21:00:00', 120.00, 'Cash', 'equipment', 0),
(9013, 13, '2025-07-13 22:00:00', 60.00, 'Credit/Debit Card', 'supplements', 5),
(9014, 14, '2025-07-14 23:00:00', 18.00, 'E-Wallet', 'merchandise', 0),
(9015, 15, '2025-07-15 09:00:00', 95.00, 'Cash', 'supplements', 0),
(9016, 16, '2025-07-16 08:00:00', 70.00, 'Bank Transfer', 'supplements', 0),
(9017, 17, '2025-07-17 07:00:00', 35.00, 'E-Wallet', 'equipment', 0),
(9018, 18, '2025-07-18 06:00:00', 25.00, 'Credit/Debit Card', 'equipment', 0),
(9019, 19, '2025-07-19 05:00:00', 8.00, 'Cash', 'merchandise', 0),
(9020, 20, '2025-07-20 04:00:00', 10.00, 'E-Wallet', 'merchandise', 0);

-- FINANCIALLEDGER
INSERT INTO `financialledger` (`ledgerID`, `paymentID`, `ledgerName`) VALUES
(1, 9001, 'Payment for Gym T-Shirt'),
(2, 9002, 'Payment for Protein Powder'),
(3, 9003, 'Payment for Gym Membership'),
(4, 9004, 'Payment for Gym Membership'),
(5, 9005, 'Payment for Energy Bar Pack'),
(6, 9006, 'Payment for Gym Membership'),
(7, 9007, 'Payment for Supplements'),
(8, 9008, 'Payment for Gym T-Shirt'),
(9, 9009, 'Payment for Water Bottle'),
(10, 9010, 'Payment for Treadmill'),
(11, 9011, 'Payment for Resistance Bands'),
(12, 9012, 'Payment for Yoga Mat'),
(13, 9013, 'Payment for Pre-Workout Drink'),
(14, 9014, 'Payment for Massage Ball'),
(15, 9015, 'Payment for Pull Up Bar'),
(16, 9016, 'Payment for Kettlebell'),
(17, 9017, 'Payment for Cycling Gloves'),
(18, 9018, 'Payment for Sports Socks'),
(19, 9019, 'Payment for Whey Protein'),
(20, 9020, 'Payment for Creatine'); 